ts,iso,monotonic,battery_w,batt_mv,batt_ma,capacity,status,charge_now,charge_full,charge_full_design,cycle_count,ac_online,soc_w,soc_avg_w,cpu_busy_pct,gfx_busy_pct,net_kbps,USBC000:002_w,USBC000:002_v,USBC000:003_w,USBC000:003_v,USBC000:004_w,USBC000:004_v,USBC000:001_w,USBC000:001_v,card1-DP-3.dpms,card1-DP-3.enabled,state
1790415142.996,2026-09-26T10:32:22,0.0,14.1118,16091,877,76,Discharging,3005000,3965000,3915000,7,0,9.635,8.663,,,,0.0,0.0,7.5,5.0,7.5,5.0,0.0,0.0,On,enabled,x
1790415143.999,2026-09-26T10:32:23,1.0,14.1337,16116,877,76,Discharging,3005000,3965000,3915000,7,0,10.076,8.439,15.2,0.0,,0.0,0.0,7.5,5.0,7.5,5.0,0.0,0.0,On,enabled,x
1790415145.138,2026-09-26T10:32:25,2.1,13.9868,16151,866,76,Discharging,3005000,3965000,3915000,7,0,5.189,7.672,14.2,0.2,12.5,0.0,0.0,7.5,5.0,7.5,5.0,0.0,0.0,On,enabled,x
1790415146.272,2026-09-26T10:32:26,3.3,13.7869,16125,855,76,Discharging,3004000,3965000,3915000,7,0,9.057,8.068,24.7,2.5,771.1,0.0,0.0,7.5,5.0,7.5,5.0,0.0,0.0,On,enabled,x
1790415147.386,2026-09-26T10:32:27,4.4,13.9006,16126,862,76,Discharging,3004000,3965000,3915000,7,0,11.663,8.454,17.0,7.2,19.3,0.0,0.0,7.5,5.0,7.5,5.0,0.0,0.0,On,enabled,x
1790415148.521,2026-09-26T10:32:28,5.5,13.8318,16121,858,76,Discharging,3004000,3965000,3915000,7,0,13.544,8.218,15.3,1.3,40.8,0.0,0.0,7.5,5.0,7.5,5.0,0.0,0.0,On,enabled,x
1790415149.655,2026-09-26T10:32:29,6.7,13.7569,16090,855,76,Discharging,3004000,3965000,3915000,7,0,7.28,8.36,20.0,1.2,211.1,0.0,0.0,7.5,5.0,7.5,5.0,0.0,0.0,On,enabled,x
1790415150.79,2026-09-26T10:32:30,7.8,13.7835,16121,855,76,Discharging,3003000,3965000,3915000,7,0,9.642,8.249,15.3,1.1,69.6,0.0,0.0,7.5,5.0,7.5,5.0,0.0,0.0,On,enabled,x
1790415151.926,2026-09-26T10:32:31,8.9,13.7872,16069,858,76,Discharging,3003000,3965000,3915000,7,0,8.873,8.871,23.7,4.5,93.4,0.0,0.0,7.5,5.0,7.5,5.0,0.0,0.0,On,enabled,x
1790415153.056,2026-09-26T10:32:33,10.1,13.8836,16069,864,76,Discharging,3003000,3965000,3915000,7,0,8.601,8.729,19.2,7.4,21915.4,0.0,0.0,7.5,5.0,7.5,5.0,0.0,0.0,On,enabled,x
1790415154.19,2026-09-26T10:32:34,11.2,13.8839,16088,863,76,Discharging,3003000,3965000,3915000,7,0,11.91,8.582,15.2,2.1,6780.5,0.0,0.0,7.5,5.0,7.5,5.0,0.0,0.0,On,enabled,x
1790415155.312,2026-09-26T10:32:35,12.3,14.1123,16055,879,76,Discharging,3002000,3965000,3915000,7,0,9.16,9.491,35.5,3.5,0.4,0.0,0.0,7.5,5.0,7.5,5.0,0.0,0.0,On,enabled,x
1790415156.447,2026-09-26T10:32:36,13.5,14.168,16100,880,76,Discharging,3002000,3965000,3915000,7,0,7.208,8.769,15.1,2.8,43.8,0.0,0.0,7.5,5.0,7.5,5.0,0.0,0.0,On,enabled,x
1790415157.581,2026-09-26T10:32:37,14.6,14.112,16128,875,76,Discharging,3002000,3965000,3915000,7,0,7.793,8.349,12.6,2.1,7.5,0.0,0.0,7.5,5.0,7.5,5.0,0.0,0.0,On,enabled,x
1790415158.719,2026-09-26T10:32:38,15.7,14.0549,16118,872,76,Discharging,3001000,3965000,3915000,7,0,9.055,7.889,9.8,1.8,17.9,0.0,0.0,7.5,5.0,7.5,5.0,0.0,0.0,On,enabled,x
1790415159.849,2026-09-26T10:32:39,16.9,13.9469,16105,866,76,Discharging,3001000,3965000,3915000,7,0,8.321,8.786,26.1,0.9,15.4,0.0,0.0,7.5,5.0,7.5,5.0,0.0,0.0,On,enabled,x
1790415160.984,2026-09-26T10:32:40,18.0,13.9391,16022,870,76,Discharging,3001000,3965000,3915000,7,0,10.136,9.538,35.1,1.3,9.0,0.0,0.0,7.5,5.0,7.5,5.0,0.0,0.0,On,enabled,x
1790415162.118,2026-09-26T10:32:42,19.1,14.1202,16119,876,76,Discharging,3001000,3965000,3915000,7,0,8.587,8.402,17.1,1.1,8.6,0.0,0.0,7.5,5.0,7.5,5.0,0.0,0.0,On,enabled,x
1790415163.247,2026-09-26T10:32:43,20.3,14.0527,16097,873,76,Discharging,3000000,3965000,3915000,7,0,10.45,8.144,16.3,1.1,8.0,0.0,0.0,7.5,5.0,7.5,5.0,0.0,0.0,On,enabled,x
1790415164.376,2026-09-26T10:32:44,21.4,13.9476,16143,864,76,Discharging,3000000,3965000,3915000,7,0,6.891,7.434,14.8,0.6,34.2,0.0,0.0,7.5,5.0,7.5,5.0,0.0,0.0,On,enabled,x
1790415165.515,2026-09-26T10:32:45,22.5,13.7539,16162,851,76,Discharging,3000000,3965000,3915000,7,0,6.091,6.88,9.0,0.3,7.9,0.0,0.0,7.5,5.0,7.5,5.0,0.0,0.0,On,enabled,x
1790415166.681,2026-09-26T10:32:46,23.7,13.6477,16132,846,76,Discharging,2999000,3965000,3915000,7,0,7.448,7.125,22.7,1.3,5.6,0.0,0.0,7.5,5.0,7.5,5.0,0.0,0.0,On,enabled,x
1790415167.819,2026-09-26T10:32:47,24.8,13.5114,16162,836,76,Discharging,2999000,3965000,3915000,7,0,6.662,6.977,13.4,2.9,27604.0,0.0,0.0,7.5,5.0,7.5,5.0,0.0,0.0,On,enabled,x
1790415168.924,2026-09-26T10:32:48,25.9,13.3784,16138,829,76,Discharging,2999000,3965000,3915000,7,0,6.45,6.962,15.8,3.0,33480.5,0.0,0.0,7.5,5.0,7.5,5.0,0.0,0.0,On,enabled,x
1790415170.066,2026-09-26T10:32:50,27.1,13.2989,16159,823,76,Discharging,2999000,3965000,3915000,7,0,7.147,6.694,11.6,1.1,7.6,0.0,0.0,7.5,5.0,7.5,5.0,0.0,0.0,On,enabled,x
1790415171.206,2026-09-26T10:32:51,28.2,12.9975,16146,805,76,Discharging,2999000,3965000,3915000,7,0,6.258,6.667,12.3,2.4,6.2,0.0,0.0,7.5,5.0,7.5,5.0,0.0,0.0,On,enabled,x
1790415172.345,2026-09-26T10:32:52,29.3,12.8779,16158,797,76,Discharging,2998000,3965000,3915000,7,0,7.782,7.299,22.4,1.4,674.1,0.0,0.0,7.5,5.0,7.5,5.0,0.0,0.0,On,enabled,x
1790415173.483,2026-09-26T10:32:53,30.5,12.8949,16159,798,76,Discharging,2998000,3965000,3915000,7,0,8.223,7.183,18.6,1.5,773.4,0.0,0.0,7.5,5.0,7.5,5.0,0.0,0.0,On,enabled,x
1790415174.617,2026-09-26T10:32:54,31.6,12.86,16075,800,76,Discharging,2998000,3965000,3915000,7,0,9.446,8.426,23.3,2.6,3406.8,0.0,0.0,7.5,5.0,7.5,5.0,0.0,0.0,On,enabled,x
1790415175.77,2026-09-26T10:32:55,32.8,13.0674,16014,816,76,Discharging,2998000,3965000,3915000,7,0,9.957,9.81,27.4,4.4,2564.2,0.0,0.0,7.5,5.0,7.5,5.0,0.0,0.0,On,enabled,x
1790415176.914,2026-09-26T10:32:56,33.9,13.3573,16016,834,76,Discharging,2997000,3965000,3915000,7,0,10.826,10.099,25.9,4.1,5098.6,0.0,0.0,7.5,5.0,7.5,5.0,0.0,0.0,On,enabled,x
1790415178.041,2026-09-26T10:32:58,35.0,13.6604,16109,848,76,Discharging,2997000,3965000,3915000,7,0,9.32,8.788,16.0,5.2,18.8,0.0,0.0,7.5,5.0,7.5,5.0,0.0,0.0,On,enabled,x
1790415179.189,2026-09-26T10:32:59,36.2,13.5757,16104,843,76,Discharging,2997000,3965000,3915000,7,0,6.009,8.231,18.4,4.4,19.5,0.0,0.0,7.5,5.0,7.5,5.0,0.0,0.0,On,enabled,x
1790415180.338,2026-09-26T10:33:00,37.3,13.569,16077,844,76,Discharging,2996000,3965000,3915000,7,0,10.103,8.14,19.5,5.7,270.3,0.0,0.0,7.5,5.0,7.5,5.0,0.0,0.0,On,enabled,x
1790415181.485,2026-09-26T10:33:01,38.5,13.5808,16091,844,76,Discharging,2996000,3965000,3915000,7,0,5.977,7.487,15.7,3.6,1132.5,0.0,0.0,7.5,5.0,7.5,5.0,0.0,0.0,On,enabled,x
1790415182.64,2026-09-26T10:33:02,39.6,13.5033,16133,837,76,Discharging,2996000,3965000,3915000,7,0,7.637,6.947,13.5,3.2,9.0,0.0,0.0,7.5,5.0,7.5,5.0,0.0,0.0,On,enabled,x
1790415183.791,2026-09-26T10:33:03,40.8,13.4115,16139,831,76,Discharging,2996000,3965000,3915000,7,0,6.653,6.838,14.2,3.9,9.0,0.0,0.0,7.5,5.0,7.5,5.0,0.0,0.0,On,enabled,x
1790415184.937,2026-09-26T10:33:04,41.9,13.2412,16089,823,76,Discharging,2995000,3965000,3915000,7,0,9.492,7.603,19.6,3.7,35.0,0.0,0.0,7.5,5.0,7.5,5.0,0.0,0.0,On,enabled,x
1790415186.083,2026-09-26T10:33:06,43.1,13.3097,16133,825,76,Discharging,2995000,3965000,3915000,7,0,6.381,7.187,14.2,3.7,1062.2,0.0,0.0,7.5,5.0,7.5,5.0,0.0,0.0,On,enabled,x
1790415187.238,2026-09-26T10:33:07,44.2,13.2367,16064,824,76,Discharging,2995000,3965000,3915000,7,0,6.264,8.026,22.6,6.5,17.7,0.0,0.0,7.5,5.0,7.5,5.0,0.0,0.0,On,enabled,x
1790415188.387,2026-09-26T10:33:08,45.4,13.2097,16129,819,76,Discharging,2995000,3965000,3915000,7,0,6.817,7.144,13.4,3.8,17.4,0.0,0.0,7.5,5.0,7.5,5.0,0.0,0.0,On,enabled,x
1790415189.536,2026-09-26T10:33:09,46.5,13.0924,16084,814,76,Discharging,2994000,3965000,3915000,7,0,6.475,7.534,17.1,3.4,48.6,0.0,0.0,7.5,5.0,7.5,5.0,0.0,0.0,On,enabled,x
1790415190.672,2026-09-26T10:33:10,47.7,13.1548,16062,819,76,Discharging,2994000,3965000,3915000,7,0,7.265,7.797,15.7,4.1,1564.7,0.0,0.0,7.5,5.0,7.5,5.0,0.0,0.0,On,enabled,x
1790415191.814,2026-09-26T10:33:11,48.8,13.1653,16134,816,76,Discharging,2994000,3965000,3915000,7,0,7.171,7.241,16.4,5.4,114.3,0.0,0.0,7.5,5.0,7.5,5.0,0.0,0.0,On,enabled,x
1790415192.964,2026-09-26T10:33:12,50.0,13.0691,16095,812,76,Discharging,2994000,3965000,3915000,7,0,6.082,7.832,19.2,5.0,20.1,0.0,0.0,7.5,5.0,7.5,5.0,0.0,0.0,On,enabled,x
1790415194.109,2026-09-26T10:33:14,51.1,13.0907,16082,814,75,Discharging,2993000,3965000,3915000,7,0,10.0,7.951,23.1,4.8,475.0,0.0,0.0,7.5,5.0,7.5,5.0,0.0,0.0,On,enabled,x
1790415195.241,2026-09-26T10:33:15,52.2,13.1604,16128,816,75,Discharging,2993000,3965000,3915000,7,0,6.559,7.418,14.2,3.6,47.6,0.0,0.0,7.5,5.0,7.5,5.0,0.0,0.0,On,enabled,x
1790415196.388,2026-09-26T10:33:16,53.4,13.0822,16131,811,75,Discharging,2993000,3965000,3915000,7,0,7.876,7.428,16.3,5.1,25.6,0.0,0.0,7.5,5.0,7.5,5.0,0.0,0.0,On,enabled,x
1790415197.526,2026-09-26T10:33:17,54.5,13.0886,16119,812,75,Discharging,2993000,3965000,3915000,7,0,6.32,7.161,13.6,3.1,1306.9,0.0,0.0,7.5,5.0,7.5,5.0,0.0,0.0,On,enabled,x
1790415198.676,2026-09-26T10:33:18,55.7,13.0242,16139,807,75,Discharging,2992000,3965000,3915000,7,0,6.555,6.848,14.0,3.1,13.6,0.0,0.0,7.5,5.0,7.5,5.0,0.0,0.0,On,enabled,x
1790415199.822,2026-09-26T10:33:19,56.8,12.9361,16150,801,75,Discharging,2992000,3965000,3915000,7,0,7.642,6.78,16.0,2.9,22.0,0.0,0.0,7.5,5.0,7.5,5.0,0.0,0.0,On,enabled,x
1790415200.971,2026-09-26T10:33:20,58.0,12.8361,16146,795,75,Discharging,2992000,3965000,3915000,7,0,6.1,6.677,14.3,2.7,1258.2,0.0,0.0,7.5,5.0,7.5,5.0,0.0,0.0,On,enabled,x
1790415202.121,2026-09-26T10:33:22,59.1,12.7297,16134,789,75,Discharging,2992000,3965000,3915000,7,0,8.276,6.815,15.7,4.1,16.5,0.0,0.0,7.5,5.0,7.5,5.0,0.0,0.0,On,enabled,x
1790415203.267,2026-09-26T10:33:23,60.3,12.6467,16131,784,75,Discharging,2992000,3965000,3915000,7,0,6.457,6.965,19.2,3.5,85.3,0.0,0.0,7.5,5.0,7.5,5.0,0.0,0.0,On,enabled,x
1790415204.411,2026-09-26T10:33:24,61.4,12.5869,16137,780,75,Discharging,2991000,3965000,3915000,7,0,6.856,6.907,16.8,2.8,35.0,0.0,0.0,7.5,5.0,7.5,5.0,0.0,0.0,On,enabled,x
1790415205.562,2026-09-26T10:33:25,62.6,12.546,16126,778,75,Discharging,2991000,3965000,3915000,7,0,7.06,7.311,16.6,5.9,23.0,0.0,0.0,7.5,5.0,7.5,5.0,0.0,0.0,On,enabled,x
1790415206.708,2026-09-26T10:33:26,63.7,12.546,16126,778,75,Discharging,2991000,3965000,3915000,7,0,5.663,7.039,16.1,3.6,1228.9,0.0,0.0,7.5,5.0,7.5,5.0,0.0,0.0,On,enabled,x
1790415207.854,2026-09-26T10:33:27,64.9,12.5038,16134,775,75,Discharging,2991000,3965000,3915000,7,0,8.895,6.788,14.9,2.8,22.4,0.0,0.0,7.5,5.0,7.5,5.0,0.0,0.0,On,enabled,x
1790415209.003,2026-09-26T10:33:29,66.0,12.4216,16132,770,75,Discharging,2990000,3965000,3915000,7,0,9.086,7.027,18.4,3.4,17.2,0.0,0.0,7.5,5.0,7.5,5.0,0.0,0.0,On,enabled,x
1790415210.146,2026-09-26T10:33:30,67.1,12.3429,16009,771,75,Discharging,2990000,3965000,3915000,7,0,8.999,7.43,19.7,3.6,5.3,0.0,0.0,7.5,5.0,7.5,5.0,0.0,0.0,On,enabled,x
1790415211.293,2026-09-26T10:33:31,68.3,12.4666,16086,775,75,Discharging,2990000,3965000,3915000,7,0,9.366,7.561,21.6,2.6,8.4,0.0,0.0,7.5,5.0,7.5,5.0,0.0,0.0,On,enabled,x
1790415212.433,2026-09-26T10:33:32,69.4,12.5023,16132,775,75,Discharging,2989000,3965000,3915000,7,0,7.026,6.992,14.9,2.2,11.2,0.0,0.0,7.5,5.0,7.5,5.0,0.0,0.0,On,enabled,x
1790415213.58,2026-09-26T10:33:33,70.6,12.4409,16136,771,75,Discharging,2989000,3965000,3915000,7,0,6.088,6.813,15.3,2.3,1238.1,0.0,0.0,7.5,5.0,7.5,5.0,0.0,0.0,On,enabled,x
1790415214.728,2026-09-26T10:33:34,71.7,12.4039,16109,770,75,Discharging,2989000,3965000,3915000,7,0,8.932,7.027,20.0,3.0,4.6,0.0,0.0,7.5,5.0,7.5,5.0,0.0,0.0,On,enabled,x
1790415215.879,2026-09-26T10:33:35,72.9,12.3724,16068,770,75,Discharging,2989000,3965000,3915000,7,0,13.38,8.089,19.9,8.0,4.2,0.0,0.0,7.5,5.0,7.5,5.0,0.0,0.0,On,enabled,x
1790415217.022,2026-09-26T10:33:37,74.0,12.5718,16056,783,75,Discharging,2989000,3965000,3915000,7,0,9.303,8.653,20.8,8.7,120.3,0.0,0.0,7.5,5.0,7.5,5.0,0.0,0.0,On,enabled,x
1790415218.174,2026-09-26T10:33:38,75.2,12.7804,16076,795,75,Discharging,2988000,3965000,3915000,7,0,7.967,9.113,21.9,11.1,1480.8,0.0,0.0,7.5,5.0,7.5,5.0,0.0,0.0,On,enabled,x
1790415219.316,2026-09-26T10:33:39,76.3,12.9822,16107,806,75,Discharging,2988000,3965000,3915000,7,0,7.915,8.641,18.9,8.8,20.8,0.0,0.0,7.5,5.0,7.5,5.0,0.0,0.0,On,enabled,x
1790415220.457,2026-09-26T10:33:40,77.5,13.128,16108,815,75,Discharging,2988000,3965000,3915000,7,0,5.197,8.126,16.3,7.9,18.4,0.0,0.0,7.5,5.0,7.5,5.0,0.0,0.0,On,enabled,x
1790415221.601,2026-09-26T10:33:41,78.6,13.0387,16117,809,75,Discharging,2987000,3965000,3915000,7,0,13.029,7.734,14.3,9.1,1.5,0.0,0.0,7.5,5.0,7.5,5.0,0.0,0.0,On,enabled,x
1790415222.746,2026-09-26T10:33:42,79.7,13.0444,16144,808,75,Discharging,2987000,3965000,3915000,7,0,8.227,7.111,12.0,9.0,240.6,0.0,0.0,7.5,5.0,7.5,5.0,0.0,0.0,On,enabled,x
1790415223.893,2026-09-26T10:33:43,80.9,12.9901,16057,809,75,Discharging,2987000,3965000,3915000,7,0,5.873,7.792,20.9,13.2,325.0,0.0,0.0,7.5,5.0,7.5,5.0,0.0,0.0,On,enabled,x
1790415225.043,2026-09-26T10:33:45,82.0,13.0999,16113,813,75,Discharging,2987000,3965000,3915000,7,0,8.278,7.351,13.3,11.8,2028.6,0.0,0.0,7.5,5.0,7.5,5.0,0.0,0.0,On,enabled,x
1790415226.186,2026-09-26T10:33:46,83.2,13.0548,16117,810,75,Discharging,2986000,3965000,3915000,7,0,5.798,7.519,13.0,10.9,8.3,0.0,0.0,7.5,5.0,7.5,5.0,0.0,0.0,On,enabled,x
1790415227.334,2026-09-26T10:33:47,84.3,13.0452,16026,814,75,Discharging,2986000,3965000,3915000,7,0,9.305,8.312,21.4,7.7,3539.8,0.0,0.0,7.5,5.0,7.5,5.0,0.0,0.0,On,enabled,x
1790415228.438,2026-09-26T10:33:48,85.4,13.3363,16010,833,75,Discharging,2986000,3965000,3915000,7,0,13.248,9.451,20.9,12.1,503.3,0.0,0.0,7.5,5.0,7.5,5.0,0.0,0.0,On,enabled,x
1790415229.571,2026-09-26T10:33:49,86.6,13.5546,16022,846,75,Discharging,2985000,3965000,3915000,7,0,11.606,9.703,22.2,12.4,409.4,0.0,0.0,7.5,5.0,7.5,5.0,0.0,0.0,On,enabled,x
1790415230.706,2026-09-26T10:33:50,87.7,13.7493,16081,855,75,Discharging,2985000,3965000,3915000,7,0,13.652,9.21,18.2,11.2,1759.7,0.0,0.0,7.5,5.0,7.5,5.0,0.0,0.0,On,enabled,x
1790415231.843,2026-09-26T10:33:51,88.8,13.8279,16079,860,75,Discharging,2985000,3965000,3915000,7,0,8.748,8.864,18.4,7.4,9.8,0.0,0.0,7.5,5.0,7.5,5.0,0.0,0.0,On,enabled,x
1790415232.982,2026-09-26T10:33:52,90.0,13.8997,16125,862,75,Discharging,2985000,3965000,3915000,7,0,5.319,7.76,13.8,4.8,14.5,0.0,0.0,7.5,5.0,7.5,5.0,0.0,0.0,On,enabled,x
1790415234.128,2026-09-26T10:33:54,91.1,13.7419,16129,852,75,Discharging,2984000,3965000,3915000,7,0,5.863,7.108,13.1,4.0,16.6,0.0,0.0,7.5,5.0,7.5,5.0,0.0,0.0,On,enabled,x
1790415235.276,2026-09-26T10:33:55,92.3,13.6298,16130,845,75,Discharging,2984000,3965000,3915000,7,0,6.179,6.763,12.8,3.4,40.8,0.0,0.0,7.5,5.0,7.5,5.0,0.0,0.0,On,enabled,x
1790415236.421,2026-09-26T10:33:56,93.4,13.4738,16117,836,75,Discharging,2984000,3965000,3915000,7,0,5.857,6.61,12.7,3.7,15.0,0.0,0.0,7.5,5.0,7.5,5.0,0.0,0.0,On,enabled,x
1790415237.565,2026-09-26T10:33:57,94.6,13.223,16106,821,75,Discharging,2984000,3965000,3915000,7,0,6.197,6.377,10.9,2.2,16.9,0.0,0.0,7.5,5.0,7.5,5.0,0.0,0.0,On,enabled,x
1790415238.706,2026-09-26T10:33:58,95.7,13.1145,16131,813,75,Discharging,2983000,3965000,3915000,7,0,5.68,6.293,12.6,2.0,2995.2,0.0,0.0,7.5,5.0,7.5,5.0,0.0,0.0,On,enabled,x
1790415239.847,2026-09-26T10:33:59,96.9,13.0008,16110,807,75,Discharging,2983000,3965000,3915000,7,0,9.342,7.616,22.0,8.4,327.0,0.0,0.0,7.5,5.0,7.5,5.0,0.0,0.0,On,enabled,x
1790415240.986,2026-09-26T10:34:00,98.0,13.1436,16068,818,75,Discharging,2983000,3965000,3915000,7,0,6.372,7.441,12.9,6.6,7.8,0.0,0.0,7.5,5.0,7.5,5.0,0.0,0.0,On,enabled,x
1790415242.135,2026-09-26T10:34:02,99.1,13.1095,16105,814,75,Discharging,2983000,3965000,3915000,7,0,6.222,7.074,14.9,4.7,13.0,0.0,0.0,7.5,5.0,7.5,5.0,0.0,0.0,On,enabled,x
1790415243.279,2026-09-26T10:34:03,100.3,13.0064,16097,808,75,Discharging,2983000,3965000,3915000,7,0,8.643,7.06,13.6,4.3,1784.3,0.0,0.0,7.5,5.0,7.5,5.0,0.0,0.0,On,enabled,x
1790415244.421,2026-09-26T10:34:04,101.4,12.9072,16134,800,75,Discharging,2982000,3965000,3915000,7,0,6.139,6.868,15.4,1.9,11.8,0.0,0.0,7.5,5.0,7.5,5.0,0.0,0.0,On,enabled,x
1790415245.568,2026-09-26T10:34:05,102.6,12.8556,16130,797,75,Discharging,2982000,3965000,3915000,7,0,6.638,6.857,15.2,5.8,31.2,0.0,0.0,7.5,5.0,7.5,5.0,0.0,0.0,On,enabled,x
1790415246.714,2026-09-26T10:34:06,103.7,12.7794,16095,794,75,Discharging,2982000,3965000,3915000,7,0,6.567,6.948,14.9,4.7,12.0,0.0,0.0,7.5,5.0,7.5,5.0,0.0,0.0,On,enabled,x
1790415247.863,2026-09-26T10:34:07,104.9,12.8151,16059,798,75,Discharging,2981000,3965000,3915000,7,0,9.23,8.043,17.3,7.6,15.5,0.0,0.0,7.5,5.0,7.5,5.0,0.0,0.0,On,enabled,x
1790415249.007,2026-09-26T10:34:09,106.0,12.9652,16146,803,75,Discharging,2981000,3965000,3915000,7,0,10.772,8.345,22.0,4.4,93.9,0.0,0.0,7.5,5.0,7.5,5.0,0.0,0.0,On,enabled,x
1790415250.146,2026-09-26T10:34:10,107.1,12.9685,16090,806,75,Discharging,2981000,3965000,3915000,7,0,5.277,8.057,14.1,2.2,17.1,0.0,0.0,7.5,5.0,7.5,5.0,0.0,0.0,On,enabled,x
1790415251.289,2026-09-26T10:34:11,108.3,12.9814,16146,804,75,Discharging,2981000,3965000,3915000,7,0,6.208,7.355,10.7,0.2,3.9,0.0,0.0,7.5,5.0,7.5,5.0,0.0,0.0,On,enabled,x
1790415252.433,2026-09-26T10:34:12,109.4,12.7517,16121,791,75,Discharging,2981000,3965000,3915000,7,0,6.23,6.964,14.6,2.8,245.9,0.0,0.0,7.5,5.0,7.5,5.0,0.0,0.0,On,enabled,x
1790415253.576,2026-09-26T10:34:13,110.6,12.7397,16045,794,75,Discharging,2980000,3965000,3915000,7,0,9.155,7.944,25.9,2.5,448.5,0.0,0.0,7.5,5.0,7.5,5.0,0.0,0.0,On,enabled,x
1790415254.694,2026-09-26T10:34:14,111.7,12.9098,16077,803,75,Discharging,2980000,3965000,3915000,7,0,9.502,8.398,21.4,1.3,16.0,0.0,0.0,7.5,5.0,7.5,5.0,0.0,0.0,On,enabled,x
1790415255.832,2026-09-26T10:34:15,112.8,12.9627,16043,808,75,Discharging,2980000,3965000,3915000,7,0,8.961,9.353,29.2,1.5,18218.2,0.0,0.0,7.5,5.0,7.5,5.0,0.0,0.0,On,enabled,x
1790415256.972,2026-09-26T10:34:16,114.0,13.2972,16040,829,75,Discharging,2979000,3965000,3915000,7,0,15.026,9.382,32.1,2.3,234.0,0.0,0.0,7.5,5.0,7.5,5.0,0.0,0.0,On,enabled,x
1790415258.081,2026-09-26T10:34:18,115.1,13.408,16000,838,75,Discharging,2979000,3965000,3915000,7,0,15.351,10.446,25.7,13.3,621.9,0.0,0.0,7.5,5.0,7.5,5.0,0.0,0.0,On,enabled,x
1790415259.157,2026-09-26T10:34:19,116.2,13.84,16000,865,75,Discharging,2979000,3965000,3915000,7,0,9.961,10.6,17.6,2.9,32324.9,0.0,0.0,7.5,5.0,7.5,5.0,0.0,0.0,On,enabled,x
1790415260.232,2026-09-26T10:34:20,117.2,14.017,16093,871,75,Discharging,2978000,3965000,3915000,7,0,7.353,9.066,11.6,0.0,17.9,0.0,0.0,7.5,5.0,7.5,5.0,0.0,0.0,On,enabled,x
1790415261.375,2026-09-26T10:34:21,118.4,13.8253,15983,865,75,Discharging,2978000,3965000,3915000,7,0,8.624,9.234,23.3,2.6,11507.4,0.0,0.0,7.5,5.0,7.5,5.0,0.0,0.0,On,enabled,x
1790415262.518,2026-09-26T10:34:22,119.5,14.0022,16076,871,75,Discharging,2978000,3965000,3915000,7,0,12.158,8.806,17.5,1.7,8911.4,0.0,0.0,7.5,5.0,7.5,5.0,0.0,0.0,On,enabled,x
1790415263.645,2026-09-26T10:34:23,120.6,14.0499,16057,875,75,Discharging,2978000,3965000,3915000,7,0,8.78,8.892,19.7,1.2,119.5,0.0,0.0,7.5,5.0,7.5,5.0,0.0,0.0,On,enabled,x
1790415264.79,2026-09-26T10:34:24,121.8,14.0166,16111,870,75,Discharging,2977000,3965000,3915000,7,0,8.593,8.033,14.1,1.4,22.6,0.0,0.0,7.5,5.0,7.5,5.0,0.0,0.0,On,enabled,x
1790415265.935,2026-09-26T10:34:25,122.9,13.894,16137,861,75,Discharging,2977000,3965000,3915000,7,0,6.137,7.214,12.9,0.1,4.3,0.0,0.0,7.5,5.0,7.5,5.0,0.0,0.0,On,enabled,x
1790415267.076,2026-09-26T10:34:27,124.1,13.6723,16142,847,75,Discharging,2977000,3965000,3915000,7,0,6.258,6.759,11.1,0.0,5.9,0.0,0.0,7.5,5.0,7.5,5.0,0.0,0.0,On,enabled,x
1790415268.222,2026-09-26T10:34:28,125.2,13.4224,16094,834,75,Discharging,2977000,3965000,3915000,7,0,6.638,7.167,20.2,5.0,13.9,0.0,0.0,7.5,5.0,7.5,5.0,0.0,0.0,On,enabled,x
1790415269.372,2026-09-26T10:34:29,126.4,13.3641,16082,831,75,Discharging,2977000,3965000,3915000,7,0,5.954,7.069,17.9,2.1,13.9,0.0,0.0,7.5,5.0,7.5,5.0,0.0,0.0,On,enabled,x
1790415270.517,2026-09-26T10:34:30,127.5,13.2,16078,821,75,Discharging,2976000,3965000,3915000,7,0,9.736,7.503,18.9,4.3,14.0,0.0,0.0,7.5,5.0,7.5,5.0,0.0,0.0,On,enabled,x
1790415271.663,2026-09-26T10:34:31,128.7,13.1922,16088,820,75,Discharging,2976000,3965000,3915000,7,0,6.361,7.437,12.8,2.0,9.2,0.0,0.0,7.5,5.0,7.5,5.0,0.0,0.0,On,enabled,x
1790415272.809,2026-09-26T10:34:32,129.8,13.1089,16144,812,75,Discharging,2976000,3965000,3915000,7,0,6.05,6.981,12.9,0.8,14.1,0.0,0.0,7.5,5.0,7.5,5.0,0.0,0.0,On,enabled,x
1790415273.953,2026-09-26T10:34:33,131.0,12.9435,16139,802,75,Discharging,2975000,3965000,3915000,7,0,6.546,6.767,14.1,0.5,6.2,0.0,0.0,7.5,5.0,7.5,5.0,0.0,0.0,On,enabled,x
1790415275.096,2026-09-26T10:34:35,132.1,12.8615,16097,799,75,Discharging,2975000,3965000,3915000,7,0,8.023,7.024,26.4,1.0,16.1,0.0,0.0,7.5,5.0,7.5,5.0,0.0,0.0,On,enabled,x
1790415276.242,2026-09-26T10:34:36,133.2,12.8218,16128,795,75,Discharging,2975000,3965000,3915000,7,0,5.479,6.795,12.9,0.0,2.0,0.0,0.0,7.5,5.0,7.5,5.0,0.0,0.0,On,enabled,x
1790415277.385,2026-09-26T10:34:37,134.4,12.6817,16114,787,75,Discharging,2975000,3965000,3915000,7,0,10.161,7.155,16.5,4.5,6.5,0.0,0.0,7.5,5.0,7.5,5.0,0.0,0.0,On,enabled,x
1790415278.521,2026-09-26T10:34:38,135.5,12.6967,16133,787,75,Discharging,2975000,3965000,3915000,7,0,8.731,7.209,16.6,3.6,8.5,0.0,0.0,7.5,5.0,7.5,5.0,0.0,0.0,On,enabled,x
1790415279.663,2026-09-26T10:34:39,136.7,12.5988,16111,782,75,Discharging,2974000,3965000,3915000,7,0,6.526,7.046,16.4,1.3,3.6,0.0,0.0,7.5,5.0,7.5,5.0,0.0,0.0,On,enabled,x
1790415280.806,2026-09-26T10:34:40,137.8,12.5014,16110,776,75,Discharging,2974000,3965000,3915000,7,0,6.336,6.867,14.1,0.1,2.3,0.0,0.0,7.5,5.0,7.5,5.0,0.0,0.0,On,enabled,x
1790415281.945,2026-09-26T10:34:41,138.9,12.4055,16132,769,75,Discharging,2974000,3965000,3915000,7,0,7.379,7.02,16.5,3.5,2.9,0.0,0.0,7.5,5.0,7.5,5.0,0.0,0.0,On,enabled,x
1790415283.085,2026-09-26T10:34:43,140.1,12.407,16134,769,75,Discharging,2974000,3965000,3915000,7,0,9.496,6.906,15.8,1.1,10.8,0.0,0.0,7.5,5.0,7.5,5.0,0.0,0.0,On,enabled,x
1790415284.234,2026-09-26T10:34:44,141.2,12.3333,16143,764,75,Discharging,2973000,3965000,3915000,7,0,6.345,7.236,20.9,4.1,316.8,0.0,0.0,7.5,5.0,7.5,5.0,0.0,0.0,On,enabled,x
1790415285.369,2026-09-26T10:34:45,142.4,12.3656,16122,767,75,Discharging,2973000,3965000,3915000,7,0,4.821,7.284,15.5,0.8,217.7,0.0,0.0,7.5,5.0,7.5,5.0,0.0,0.0,On,enabled,x
1790415286.511,2026-09-26T10:34:46,143.5,12.2258,16129,758,75,Discharging,2973000,3965000,3915000,7,0,6.397,6.955,16.2,0.7,11.5,0.0,0.0,7.5,5.0,7.5,5.0,0.0,0.0,On,enabled,x
1790415287.647,2026-09-26T10:34:47,144.7,12.1268,16126,752,75,Discharging,2973000,3965000,3915000,7,0,10.445,6.787,15.1,0.2,12.1,0.0,0.0,7.5,5.0,7.5,5.0,0.0,0.0,On,enabled,x
1790415288.778,2026-09-26T10:34:48,145.8,12.0945,16126,750,75,Discharging,2972000,3965000,3915000,7,0,6.152,6.732,14.0,0.0,5.5,0.0,0.0,7.5,5.0,7.5,5.0,0.0,0.0,On,enabled,x
1790415289.917,2026-09-26T10:34:49,146.9,12.0449,16146,746,75,Discharging,2972000,3965000,3915000,7,0,6.313,6.663,14.1,0.0,20.5,0.0,0.0,7.5,5.0,7.5,5.0,0.0,0.0,On,enabled,x
1790415291.061,2026-09-26T10:34:51,148.1,11.9289,16142,739,75,Discharging,2972000,3965000,3915000,7,0,6.119,6.623,15.4,0.0,12.9,0.0,0.0,7.5,5.0,7.5,5.0,0.0,0.0,On,enabled,x
1790415292.203,2026-09-26T10:34:52,149.2,11.8335,16122,734,75,Discharging,2972000,3965000,3915000,7,0,7.383,6.549,13.0,0.0,11.2,0.0,0.0,7.5,5.0,7.5,5.0,0.0,0.0,On,enabled,x
1790415293.345,2026-09-26T10:34:53,150.3,11.7544,16124,729,75,Discharging,2972000,3965000,3915000,7,0,6.09,6.533,14.6,0.0,17.5,0.0,0.0,7.5,5.0,7.5,5.0,0.0,0.0,On,enabled,x
1790415294.478,2026-09-26T10:34:54,151.5,11.6851,16162,723,75,Discharging,2972000,3965000,3915000,7,0,5.303,6.301,7.9,0.0,5.4,0.0,0.0,7.5,5.0,7.5,5.0,0.0,0.0,On,enabled,x
1790415295.615,2026-09-26T10:34:55,152.6,11.4603,16164,709,75,Discharging,2971000,3965000,3915000,7,0,5.521,6.187,8.6,0.2,10.5,0.0,0.0,7.5,5.0,7.5,5.0,0.0,0.0,On,enabled,x
1790415296.756,2026-09-26T10:34:56,153.8,11.3513,16170,702,75,Discharging,2971000,3965000,3915000,7,0,5.81,6.171,9.6,0.4,1.8,0.0,0.0,7.5,5.0,7.5,5.0,0.0,0.0,On,enabled,x
1790415297.888,2026-09-26T10:34:57,154.9,11.3099,16134,701,75,Discharging,2971000,3965000,3915000,7,0,5.895,6.201,12.0,0.4,5.6,0.0,0.0,7.5,5.0,7.5,5.0,0.0,0.0,On,enabled,x
1790415299.019,2026-09-26T10:34:59,156.0,11.2268,16177,694,75,Discharging,2971000,3965000,3915000,7,0,6.852,6.153,8.5,0.0,26.3,0.0,0.0,7.5,5.0,7.5,5.0,0.0,0.0,On,enabled,x
1790415300.153,2026-09-26T10:35:00,157.2,11.1404,16169,689,75,Discharging,2971000,3965000,3915000,7,0,5.424,6.153,9.2,0.2,18.1,0.0,0.0,7.5,5.0,7.5,5.0,0.0,0.0,On,enabled,x
1790415301.288,2026-09-26T10:35:01,158.3,11.0744,16167,685,75,Discharging,2970000,3965000,3915000,7,0,6.01,6.089,7.4,0.0,9.9,0.0,0.0,7.5,5.0,7.5,5.0,0.0,0.0,On,enabled,x
1790415302.426,2026-09-26T10:35:02,159.4,10.9788,16169,679,75,Discharging,2970000,3965000,3915000,7,0,5.273,6.076,8.9,0.0,11.8,0.0,0.0,7.5,5.0,7.5,5.0,0.0,0.0,On,enabled,x
1790415303.563,2026-09-26T10:35:03,160.6,10.8945,16164,674,75,Discharging,2970000,3965000,3915000,7,0,6.404,6.075,7.7,0.0,21.9,0.0,0.0,7.5,5.0,7.5,5.0,0.0,0.0,On,enabled,x
1790415304.701,2026-09-26T10:35:04,161.7,10.8292,16163,670,75,Discharging,2970000,3965000,3915000,7,0,5.815,6.16,8.6,0.0,7.5,0.0,0.0,7.5,5.0,7.5,5.0,0.0,0.0,On,enabled,x
1790415305.84,2026-09-26T10:35:05,162.8,10.7761,16156,667,75,Discharging,2970000,3965000,3915000,7,0,6.177,6.319,12.3,0.7,22.9,0.0,0.0,7.5,5.0,7.5,5.0,0.0,0.0,On,enabled,x
1790415306.988,2026-09-26T10:35:06,164.0,10.7646,16163,666,75,Discharging,2969000,3965000,3915000,7,0,6.706,6.278,11.4,0.9,6.4,0.0,0.0,7.5,5.0,7.5,5.0,0.0,0.0,On,enabled,x
1790415308.13,2026-09-26T10:35:08,165.1,10.7652,16164,666,75,Discharging,2969000,3965000,3915000,7,0,5.497,6.721,23.3,0.5,2.9,0.0,0.0,7.5,5.0,7.5,5.0,0.0,0.0,On,enabled,x
1790415309.264,2026-09-26T10:35:09,166.3,10.7719,16174,666,75,Discharging,2969000,3965000,3915000,7,0,4.972,6.415,8.7,0.0,12.3,0.0,0.0,7.5,5.0,7.5,5.0,0.0,0.0,On,enabled,x
1790415310.405,2026-09-26T10:35:10,167.4,10.7026,16167,662,75,Discharging,2969000,3965000,3915000,7,0,5.918,6.278,9.5,0.0,6.9,0.0,0.0,7.5,5.0,7.5,5.0,0.0,0.0,On,enabled,x
1790415311.544,2026-09-26T10:35:11,168.5,10.6992,16162,662,75,Discharging,2969000,3965000,3915000,7,0,4.84,6.165,8.3,0.0,7.6,0.0,0.0,7.5,5.0,7.5,5.0,0.0,0.0,On,enabled,x
1790415312.686,2026-09-26T10:35:12,169.7,10.5601,16147,654,75,Discharging,2968000,3965000,3915000,7,0,6.297,6.166,10.0,0.0,4.9,0.0,0.0,7.5,5.0,7.5,5.0,0.0,0.0,On,enabled,x
1790415313.825,2026-09-26T10:35:13,170.8,10.5112,16171,650,75,Discharging,2968000,3965000,3915000,7,0,5.311,6.125,9.2,0.0,11.6,0.0,0.0,7.5,5.0,7.5,5.0,0.0,0.0,On,enabled,x
1790415314.972,2026-09-26T10:35:14,172.0,10.5053,16162,650,75,Discharging,2968000,3965000,3915000,7,0,5.492,6.229,12.4,0.0,17.7,0.0,0.0,7.5,5.0,7.5,5.0,0.0,0.0,On,enabled,x
1790415316.111,2026-09-26T10:35:16,173.1,10.4639,16173,647,75,Discharging,2968000,3965000,3915000,7,0,7.177,6.177,9.1,0.0,5.3,0.0,0.0,7.5,5.0,7.5,5.0,0.0,0.0,On,enabled,x
1790415317.249,2026-09-26T10:35:17,174.3,10.4297,16170,645,75,Discharging,2968000,3965000,3915000,7,0,6.647,6.159,10.4,0.0,2.8,0.0,0.0,7.5,5.0,7.5,5.0,0.0,0.0,On,enabled,x
1790415318.385,2026-09-26T10:35:18,175.4,10.376,16162,642,75,Discharging,2967000,3965000,3915000,7,0,6.753,6.173,10.1,0.0,7.1,0.0,0.0,7.5,5.0,7.5,5.0,0.0,0.0,On,enabled,x
1790415319.52,2026-09-26T10:35:19,176.5,10.3792,16167,642,75,Discharging,2967000,3965000,3915000,7,0,7.665,6.237,12.0,1.0,127.9,0.0,0.0,7.5,5.0,7.5,5.0,0.0,0.0,On,enabled,x
1790415320.665,2026-09-26T10:35:20,177.7,10.3754,16161,642,75,Discharging,2967000,3965000,3915000,7,0,7.1,6.366,11.0,1.5,318.0,0.0,0.0,7.5,5.0,7.5,5.0,0.0,0.0,On,enabled,x
1790415321.804,2026-09-26T10:35:21,178.8,10.3922,16137,644,75,Discharging,2967000,3965000,3915000,7,0,5.952,6.539,12.5,4.5,11.4,0.0,0.0,7.5,5.0,7.5,5.0,0.0,0.0,On,enabled,x
1790415322.941,2026-09-26T10:35:22,179.9,10.4407,16162,646,75,Discharging,2967000,3965000,3915000,7,0,5.662,6.517,11.9,2.5,9.4,0.0,0.0,7.5,5.0,7.5,5.0,0.0,0.0,On,enabled,x
1790415324.079,2026-09-26T10:35:24,181.1,10.4419,16164,646,75,Discharging,2966000,3965000,3915000,7,0,6.045,6.384,10.9,0.8,6.3,0.0,0.0,7.5,5.0,7.5,5.0,0.0,0.0,On,enabled,x
1790415325.217,2026-09-26T10:35:25,182.2,10.4723,16161,648,75,Discharging,2966000,3965000,3915000,7,0,7.28,6.564,13.8,3.1,25.4,0.0,0.0,7.5,5.0,7.5,5.0,0.0,0.0,On,enabled,x
1790415326.365,2026-09-26T10:35:26,183.4,10.4975,16150,650,75,Discharging,2966000,3965000,3915000,7,0,7.713,6.553,13.4,1.9,7.1,0.0,0.0,7.5,5.0,7.5,5.0,0.0,0.0,On,enabled,x
1790415327.508,2026-09-26T10:35:27,184.5,10.487,16109,651,75,Discharging,2966000,3965000,3915000,7,0,11.608,7.977,30.4,5.2,1365.4,0.0,0.0,7.5,5.0,7.5,5.0,0.0,0.0,On,enabled,x
1790415328.644,2026-09-26T10:35:28,185.6,10.8313,16118,672,75,Discharging,2966000,3965000,3915000,7,0,6.628,8.143,16.1,8.3,617.9,0.0,0.0,7.5,5.0,7.5,5.0,0.0,0.0,On,enabled,x
1790415329.783,2026-09-26T10:35:29,186.8,10.9632,16075,682,75,Discharging,2965000,3965000,3915000,7,0,8.251,8.116,15.9,1.8,52.6,0.0,0.0,7.5,5.0,7.5,5.0,0.0,0.0,On,enabled,x
1790415330.908,2026-09-26T10:35:30,187.9,11.1843,16139,693,75,Discharging,2965000,3965000,3915000,7,0,8.809,7.816,11.2,0.4,9.1,0.0,0.0,7.5,5.0,7.5,5.0,0.0,0.0,On,enabled,x
1790415332.045,2026-09-26T10:35:32,189.0,11.2833,16096,701,75,Discharging,2965000,3965000,3915000,7,0,9.565,8.123,17.5,1.4,257.8,0.0,0.0,7.5,5.0,7.5,5.0,0.0,0.0,On,enabled,x
1790415333.174,2026-09-26T10:35:33,190.2,11.5318,16061,718,75,Discharging,2964000,3965000,3915000,7,0,7.964,8.64,19.8,9.9,47370.7,0.0,0.0,7.5,5.0,7.5,5.0,0.0,0.0,On,enabled,x
1790415334.307,2026-09-26T10:35:34,191.3,11.6369,16073,724,75,Discharging,2964000,3965000,3915000,7,0,7.709,8.32,14.8,2.1,12.4,0.0,0.0,7.5,5.0,7.5,5.0,0.0,0.0,On,enabled,x
1790415335.444,2026-09-26T10:35:35,192.4,11.7647,16094,731,75,Discharging,2964000,3965000,3915000,7,0,5.984,8.063,12.6,3.0,15.2,0.0,0.0,7.5,5.0,7.5,5.0,0.0,0.0,On,enabled,x
1790415336.59,2026-09-26T10:35:36,193.6,11.8607,16137,735,75,Discharging,2964000,3965000,3915000,7,0,6.087,7.457,13.0,0.7,4.8,0.0,0.0,7.5,5.0,7.5,5.0,0.0,0.0,On,enabled,x
1790415337.734,2026-09-26T10:35:37,194.7,11.802,16123,732,75,Discharging,2964000,3965000,3915000,7,0,8.908,7.124,17.1,0.8,30.7,0.0,0.0,7.5,5.0,7.5,5.0,0.0,0.0,On,enabled,x
1790415338.881,2026-09-26T10:35:38,195.9,11.802,16123,732,75,Discharging,2963000,3965000,3915000,7,0,6.022,6.972,13.0,0.7,8.2,0.0,0.0,7.5,5.0,7.5,5.0,0.0,0.0,On,enabled,x
1790415340.03,2026-09-26T10:35:40,197.0,11.75,16030,733,75,Discharging,2963000,3965000,3915000,7,0,6.976,7.249,26.5,1.3,540.9,0.0,0.0,7.5,5.0,7.5,5.0,0.0,0.0,On,enabled,x
1790415341.172,2026-09-26T10:35:41,198.2,11.8664,16101,737,75,Discharging,2963000,3965000,3915000,7,0,6.188,7.232,11.8,1.4,8.2,0.0,0.0,7.5,5.0,7.5,5.0,0.0,0.0,On,enabled,x
1790415342.316,2026-09-26T10:35:42,199.3,11.7851,16144,730,75,Discharging,2962000,3965000,3915000,7,0,6.138,6.814,12.0,0.0,7.8,0.0,0.0,7.5,5.0,7.5,5.0,0.0,0.0,On,enabled,x
1790415343.454,2026-09-26T10:35:43,200.5,11.7095,16151,725,75,Discharging,2962000,3965000,3915000,7,0,6.062,6.571,10.9,0.0,15.8,0.0,0.0,7.5,5.0,7.5,5.0,0.0,0.0,On,enabled,x
1790415344.595,2026-09-26T10:35:44,201.6,11.6032,16138,719,75,Discharging,2962000,3965000,3915000,7,0,5.732,6.63,15.8,0.0,7.3,0.0,0.0,7.5,5.0,7.5,5.0,0.0,0.0,On,enabled,x
1790415345.741,2026-09-26T10:35:45,202.7,11.5512,16133,716,75,Discharging,2962000,3965000,3915000,7,0,5.418,6.557,12.0,0.8,53.2,0.0,0.0,7.5,5.0,7.5,5.0,0.0,0.0,On,enabled,x
1790415346.879,2026-09-26T10:35:46,203.9,11.4342,16150,708,75,Discharging,2962000,3965000,3915000,7,0,8.461,6.505,13.1,0.0,8.8,0.0,0.0,7.5,5.0,7.5,5.0,0.0,0.0,On,enabled,x
1790415348.021,2026-09-26T10:35:48,205.0,11.3647,16143,704,75,Discharging,2962000,3965000,3915000,7,0,5.909,6.447,11.6,0.0,7.3,0.0,0.0,7.5,5.0,7.5,5.0,0.0,0.0,On,enabled,x
1790415349.16,2026-09-26T10:35:49,206.2,11.3394,16153,702,75,Discharging,2961000,3965000,3915000,7,0,7.694,6.515,13.9,0.0,9.4,0.0,0.0,7.5,5.0,7.5,5.0,0.0,0.0,On,enabled,x
1790415350.304,2026-09-26T10:35:50,207.3,11.291,16130,700,75,Discharging,2961000,3965000,3915000,7,0,6.645,6.61,14.0,0.5,6.5,0.0,0.0,7.5,5.0,7.5,5.0,0.0,0.0,On,enabled,x
1790415351.443,2026-09-26T10:35:51,208.4,11.2987,16141,700,75,Discharging,2961000,3965000,3915000,7,0,8.411,6.689,13.7,2.0,20.5,0.0,0.0,7.5,5.0,7.5,5.0,0.0,0.0,On,enabled,x
1790415352.585,2026-09-26T10:35:52,209.6,11.2791,16136,699,75,Discharging,2961000,3965000,3915000,7,0,8.205,6.68,13.4,0.6,316.1,0.0,0.0,7.5,5.0,7.5,5.0,0.0,0.0,On,enabled,x
1790415353.721,2026-09-26T10:35:53,210.7,11.2447,16133,697,75,Discharging,2960000,3965000,3915000,7,0,6.437,6.693,13.4,0.0,164.0,0.0,0.0,7.5,5.0,7.5,5.0,0.0,0.0,On,enabled,x
1790415354.86,2026-09-26T10:35:54,211.9,11.2348,16142,696,75,Discharging,2960000,3965000,3915000,7,0,5.832,6.66,15.5,0.0,30.0,0.0,0.0,7.5,5.0,7.5,5.0,0.0,0.0,On,enabled,x
1790415355.994,2026-09-26T10:35:55,213.0,11.2053,16146,694,75,Discharging,2960000,3965000,3915000,7,0,6.194,6.596,12.5,0.0,115.5,0.0,0.0,7.5,5.0,7.5,5.0,0.0,0.0,On,enabled,x
1790415357.129,2026-09-26T10:35:57,214.1,11.1583,16148,691,75,Discharging,2960000,3965000,3915000,7,0,9.296,6.568,13.9,0.0,5.5,0.0,0.0,7.5,5.0,7.5,5.0,0.0,0.0,On,enabled,x
1790415358.265,2026-09-26T10:35:58,215.3,11.1101,16125,689,75,Discharging,2960000,3965000,3915000,7,0,6.347,6.526,12.1,0.0,12.5,0.0,0.0,7.5,5.0,7.5,5.0,0.0,0.0,On,enabled,x
1790415359.401,2026-09-26T10:35:59,216.4,11.0854,16136,687,75,Discharging,2959000,3965000,3915000,7,0,6.038,6.601,16.6,0.0,4.8,0.0,0.0,7.5,5.0,7.5,5.0,0.0,0.0,On,enabled,x
1790415360.533,2026-09-26T10:36:00,217.5,11.0607,16147,685,75,Discharging,2959000,3965000,3915000,7,0,8.652,6.517,12.4,0.3,8.8,0.0,0.0,7.5,5.0,7.5,5.0,0.0,0.0,On,enabled,x
1790415361.676,2026-09-26T10:36:01,218.7,11.0041,16135,682,75,Discharging,2959000,3965000,3915000,7,0,6.338,6.508,14.3,0.0,4.7,0.0,0.0,7.5,5.0,7.5,5.0,0.0,0.0,On,enabled,x
1790415362.814,2026-09-26T10:36:02,219.8,10.984,16153,680,75,Discharging,2959000,3965000,3915000,7,0,5.611,6.483,13.1,0.0,11.2,0.0,0.0,7.5,5.0,7.5,5.0,0.0,0.0,On,enabled,x
1790415363.953,2026-09-26T10:36:03,221.0,10.91,16139,676,75,Discharging,2959000,3965000,3915000,7,0,5.93,6.524,14.2,0.0,17.7,0.0,0.0,7.5,5.0,7.5,5.0,0.0,0.0,On,enabled,x
1790415365.089,2026-09-26T10:36:05,222.1,10.8844,16125,675,75,Discharging,2958000,3965000,3915000,7,0,7.547,6.655,14.8,0.0,24.0,0.0,0.0,7.5,5.0,7.5,5.0,0.0,0.0,On,enabled,x
1790415366.229,2026-09-26T10:36:06,223.2,10.8824,16146,674,75,Discharging,2958000,3965000,3915000,7,0,6.043,6.589,14.2,0.0,28.1,0.0,0.0,7.5,5.0,7.5,5.0,0.0,0.0,On,enabled,x
1790415367.369,2026-09-26T10:36:07,224.4,10.8689,16150,673,75,Discharging,2958000,3965000,3915000,7,0,5.482,6.527,13.0,0.0,12.6,0.0,0.0,7.5,5.0,7.5,5.0,0.0,0.0,On,enabled,x
1790415368.516,2026-09-26T10:36:08,225.5,10.8192,16148,670,75,Discharging,2958000,3965000,3915000,7,0,7.259,6.522,12.8,0.2,9.7,0.0,0.0,7.5,5.0,7.5,5.0,0.0,0.0,On,enabled,x
1790415369.653,2026-09-26T10:36:09,226.7,10.7882,16150,668,75,Discharging,2958000,3965000,3915000,7,0,7.123,6.559,15.6,0.0,2.5,0.0,0.0,7.5,5.0,7.5,5.0,0.0,0.0,On,enabled,x
1790415370.788,2026-09-26T10:36:10,227.8,10.7554,16125,667,75,Discharging,2957000,3965000,3915000,7,0,5.876,6.915,29.7,0.0,6.5,0.0,0.0,7.5,5.0,7.5,5.0,0.0,0.0,On,enabled,x
1790415371.943,2026-09-26T10:36:11,228.9,10.8743,16134,674,75,Discharging,2957000,3965000,3915000,7,0,5.964,6.84,14.9,0.0,3.4,0.0,0.0,7.5,5.0,7.5,5.0,0.0,0.0,On,enabled,x
1790415373.08,2026-09-26T10:36:13,230.1,10.8481,16119,673,75,Discharging,2957000,3965000,3915000,7,0,6.191,6.724,14.0,0.0,9.2,0.0,0.0,7.5,5.0,7.5,5.0,0.0,0.0,On,enabled,x
1790415374.22,2026-09-26T10:36:14,231.2,10.9695,16108,681,75,Discharging,2957000,3965000,3915000,7,0,6.127,6.778,17.9,0.0,19.1,0.0,0.0,7.5,5.0,7.5,5.0,0.0,0.0,On,enabled,x
1790415375.36,2026-09-26T10:36:15,232.4,10.9847,16154,680,75,Discharging,2956000,3965000,3915000,7,0,7.505,6.638,13.6,0.0,12.0,0.0,0.0,7.5,5.0,7.5,5.0,0.0,0.0,On,enabled,x
1790415376.502,2026-09-26T10:36:16,233.5,10.9275,16141,677,75,Discharging,2956000,3965000,3915000,7,0,6.195,6.61,15.5,0.0,7.6,0.0,0.0,7.5,5.0,7.5,5.0,0.0,0.0,On,enabled,x
1790415377.643,2026-09-26T10:36:17,234.6,10.9033,16153,675,75,Discharging,2956000,3965000,3915000,7,0,6.4,6.563,13.8,0.0,13.0,0.0,0.0,7.5,5.0,7.5,5.0,0.0,0.0,On,enabled,x
1790415378.774,2026-09-26T10:36:18,235.8,10.8649,16144,673,75,Discharging,2956000,3965000,3915000,7,0,5.231,6.58,15.6,0.0,3.7,0.0,0.0,7.5,5.0,7.5,5.0,0.0,0.0,On,enabled,x
1790415379.914,2026-09-26T10:36:19,236.9,10.8548,16153,672,75,Discharging,2956000,3965000,3915000,7,0,9.511,6.59,15.4,0.0,4.1,0.0,0.0,7.5,5.0,7.5,5.0,0.0,0.0,On,enabled,x
1790415381.057,2026-09-26T10:36:21,238.1,10.8051,16103,671,75,Discharging,2955000,3965000,3915000,7,0,5.617,6.65,17.0,0.0,4.4,0.0,0.0,7.5,5.0,7.5,5.0,0.0,0.0,On,enabled,x
1790415382.198,2026-09-26T10:36:22,239.2,10.8683,16149,673,75,Discharging,2955000,3965000,3915000,7,0,5.651,6.573,14.1,0.0,8.4,0.0,0.0,7.5,5.0,7.5,5.0,0.0,0.0,On,enabled,x
1790415383.336,2026-09-26T10:36:23,240.3,10.8346,16147,671,75,Discharging,2955000,3965000,3915000,7,0,6.489,6.595,15.7,0.0,6.6,0.0,0.0,7.5,5.0,7.5,5.0,0.0,0.0,On,enabled,x
1790415384.476,2026-09-26T10:36:24,241.5,10.7957,16137,669,75,Discharging,2955000,3965000,3915000,7,0,6.092,6.604,16.4,0.0,10.5,0.0,0.0,7.5,5.0,7.5,5.0,0.0,0.0,On,enabled,x
1790415385.619,2026-09-26T10:36:25,242.6,10.8064,16153,669,75,Discharging,2955000,3965000,3915000,7,0,6.417,6.619,15.2,0.0,27.4,0.0,0.0,7.5,5.0,7.5,5.0,0.0,0.0,On,enabled,x
1790415386.76,2026-09-26T10:36:26,243.8,10.7801,16162,667,75,Discharging,2954000,3965000,3915000,7,0,6.322,6.48,11.3,0.0,32.5,0.0,0.0,7.5,5.0,7.5,5.0,0.0,0.0,On,enabled,x
1790415387.897,2026-09-26T10:36:27,244.9,10.7181,16166,663,75,Discharging,2954000,3965000,3915000,7,0,5.281,6.257,6.9,0.0,50.5,0.0,0.0,7.5,5.0,7.5,5.0,0.0,0.0,On,enabled,x
1790415389.035,2026-09-26T10:36:29,246.0,10.623,16169,657,75,Discharging,2954000,3965000,3915000,7,0,7.052,6.225,9.6,0.0,16.1,0.0,0.0,7.5,5.0,7.5,5.0,0.0,0.0,On,enabled,x
1790415390.172,2026-09-26T10:36:30,247.2,10.5309,16127,653,75,Discharging,2954000,3965000,3915000,7,0,6.137,6.178,8.0,0.0,13.2,0.0,0.0,7.5,5.0,7.5,5.0,0.0,0.0,On,enabled,x
1790415391.308,2026-09-26T10:36:31,248.3,10.5557,16165,653,75,Discharging,2954000,3965000,3915000,7,0,6.712,6.096,8.7,0.2,26.8,0.0,0.0,7.5,5.0,7.5,5.0,0.0,0.0,On,enabled,x
1790415392.444,2026-09-26T10:36:32,249.4,10.4626,16171,647,74,Discharging,2953000,3965000,3915000,7,0,5.966,6.027,7.1,0.0,7.9,0.0,0.0,7.5,5.0,7.5,5.0,0.0,0.0,On,enabled,x
1790415393.578,2026-09-26T10:36:33,250.6,10.3877,16155,643,74,Discharging,2953000,3965000,3915000,7,0,5.945,6.046,8.7,0.0,28.4,0.0,0.0,7.5,5.0,7.5,5.0,0.0,0.0,On,enabled,x
1790415394.716,2026-09-26T10:36:34,251.7,10.3199,16150,639,74,Discharging,2953000,3965000,3915000,7,0,6.065,6.052,8.2,0.0,15.3,0.0,0.0,7.5,5.0,7.5,5.0,0.0,0.0,On,enabled,x
1790415395.845,2026-09-26T10:36:35,252.8,10.3145,16167,638,74,Discharging,2953000,3965000,3915000,7,0,6.92,6.112,9.5,0.0,21.4,0.0,0.0,7.5,5.0,7.5,5.0,0.0,0.0,On,enabled,x
1790415396.978,2026-09-26T10:36:36,254.0,10.286,16173,636,74,Discharging,2953000,3965000,3915000,7,0,6.385,6.056,7.4,0.0,11.4,0.0,0.0,7.5,5.0,7.5,5.0,0.0,0.0,On,enabled,x
1790415398.11,2026-09-26T10:36:38,255.1,10.1722,16172,629,74,Discharging,2953000,3965000,3915000,7,0,6.489,6.087,9.0,0.0,10.2,0.0,0.0,7.5,5.0,7.5,5.0,0.0,0.0,On,enabled,x
1790415399.242,2026-09-26T10:36:39,256.2,10.1237,16172,626,74,Discharging,2952000,3965000,3915000,7,0,6.203,6.07,8.1,0.0,12.0,0.0,0.0,7.5,5.0,7.5,5.0,0.0,0.0,On,enabled,x
1790415400.376,2026-09-26T10:36:40,257.4,10.0888,16168,624,74,Discharging,2952000,3965000,3915000,7,0,6.469,6.095,8.3,0.0,6.4,0.0,0.0,7.5,5.0,7.5,5.0,0.0,0.0,On,enabled,x
1790415401.51,2026-09-26T10:36:41,258.5,10.0409,16169,621,74,Discharging,2952000,3965000,3915000,7,0,6.735,6.082,8.5,0.0,9.0,0.0,0.0,7.5,5.0,7.5,5.0,0.0,0.0,On,enabled,x
1790415402.644,2026-09-26T10:36:42,259.6,10.008,16168,619,74,Discharging,2952000,3965000,3915000,7,0,5.464,6.061,8.1,0.0,10.6,0.0,0.0,7.5,5.0,7.5,5.0,0.0,0.0,On,enabled,x
1790415403.78,2026-09-26T10:36:43,260.8,9.9589,16167,616,74,Discharging,2952000,3965000,3915000,7,0,5.96,6.102,9.3,0.0,11.0,0.0,0.0,7.5,5.0,7.5,5.0,0.0,0.0,On,enabled,x
1790415404.913,2026-09-26T10:36:44,261.9,9.9439,16169,615,74,Discharging,2951000,3965000,3915000,7,0,5.756,6.156,11.0,0.3,17.1,0.0,0.0,7.5,5.0,7.5,5.0,0.0,0.0,On,enabled,x
1790415406.05,2026-09-26T10:36:46,263.1,9.9278,16169,614,74,Discharging,2951000,3965000,3915000,7,0,6.756,6.172,9.7,0.0,23.4,0.0,0.0,7.5,5.0,7.5,5.0,0.0,0.0,On,enabled,x
1790415407.182,2026-09-26T10:36:47,264.2,9.8817,16173,611,74,Discharging,2951000,3965000,3915000,7,0,6.356,6.145,8.2,0.0,6.2,0.0,0.0,7.5,5.0,7.5,5.0,0.0,0.0,On,enabled,x
1790415408.315,2026-09-26T10:36:48,265.3,9.8533,16153,610,74,Discharging,2951000,3965000,3915000,7,0,5.845,6.161,10.1,0.0,14.5,0.0,0.0,7.5,5.0,7.5,5.0,0.0,0.0,On,enabled,x
1790415409.452,2026-09-26T10:36:49,266.5,9.8402,16158,609,74,Discharging,2951000,3965000,3915000,7,0,8.239,6.223,10.6,0.3,9.2,0.0,0.0,7.5,5.0,7.5,5.0,0.0,0.0,On,enabled,x
1790415410.592,2026-09-26T10:36:50,267.6,9.8774,16166,611,74,Discharging,2950000,3965000,3915000,7,0,5.336,6.28,11.2,0.2,4.2,0.0,0.0,7.5,5.0,7.5,5.0,0.0,0.0,On,enabled,x
1790415411.73,2026-09-26T10:36:51,268.7,9.875,16162,611,74,Discharging,2950000,3965000,3915000,7,0,5.785,6.23,9.2,0.0,7.7,0.0,0.0,7.5,5.0,7.5,5.0,0.0,0.0,On,enabled,x
1790415412.863,2026-09-26T10:36:52,269.9,9.8899,16160,612,74,Discharging,2950000,3965000,3915000,7,0,5.602,6.251,10.7,0.0,5.7,0.0,0.0,7.5,5.0,7.5,5.0,0.0,0.0,On,enabled,x
1790415413.995,2026-09-26T10:36:53,271.0,9.9235,16162,614,74,Discharging,2950000,3965000,3915000,7,0,6.452,6.213,9.3,0.0,8.0,0.0,0.0,7.5,5.0,7.5,5.0,0.0,0.0,On,enabled,x
1790415415.128,2026-09-26T10:36:55,272.1,9.9055,16159,613,74,Discharging,2950000,3965000,3915000,7,0,6.943,6.233,10.4,0.0,5.1,0.0,0.0,7.5,5.0,7.5,5.0,0.0,0.0,On,enabled,x
